dataset,subtask,set,num_of_retained_feature,num_of_compounds,postives,negtives,negtives/postives,C,gamma,tn,fp,fn,tp,se,sp,auc_prc,acc,auc_roc,recall,precision,f1,kappa,mcc
DILI5293PaDELmaxminseed0group.csv,Bioactivity,tr,32,5293,2212,2022,0.9141048824593129,44.399220476007194,0.16001323464228165,1679,343,311,1901,0.8594032549728752,0.8303659742828883,0.9132978580937055,0.8455361360415683,0.9134448731225954,0.8594032549728752,0.8471479500891266,0.8532315978456014,0.6902383735186673,0.6903176681216535
DILI5293PaDELmaxminseed0group.csv,Bioactivity,va,32,5293,264,265,1.003787878787879,44.399220476007194,0.16001323464228165,182,83,72,192,0.7272727272727273,0.6867924528301886,0.7481961546279257,0.7069943289224953,0.7707761578044597,0.7272727272727273,0.6981818181818182,0.712430426716141,0.4140326303678241,0.41439108741830943
DILI5293PaDELmaxminseed0group.csv,Bioactivity,te,32,5293,271,259,0.955719557195572,44.399220476007194,0.16001323464228165,180,79,65,206,0.7601476014760148,0.694980694980695,0.7707949915059991,0.7283018867924528,0.7945048369402613,0.7601476014760148,0.7228070175438597,0.7410071942446044,0.4556736324085301,0.456313053738278
