dataset,subtask,set,num_of_retained_feature,num_of_compounds,postives,negtives,negtives/postives,alpha,hidden_layer_sizes,learning_rate,activation,tn,fp,fn,tp,se,sp,auc_prc,acc,auc_roc,recall,precision,f1,kappa,mcc
DILI5293ECPFseed0group.csv,Bioactivity,tr,206,5293,2212,2022,0.9141048824593129,1.3604475078773683,"(100, 100, 100)",invscaling,relu,2007,15,184,2028,0.9168173598553345,0.9925816023738873,0.9963250700616008,0.9529995276334435,0.9959327371785585,0.9168173598553345,0.9926578560939795,0.9532314923619272,0.9061462746944061,0.9090383787517139
DILI5293ECPFseed0group.csv,Bioactivity,va,206,5293,264,265,1.003787878787879,1.3604475078773683,"(100, 100, 100)",invscaling,relu,232,33,76,188,0.7121212121212122,0.8754716981132076,0.8765081860734303,0.7939508506616257,0.8732489994282447,0.7121212121212122,0.8506787330316742,0.7752577319587629,0.5877735438992829,0.5957032264870472
DILI5293ECPFseed0group.csv,Bioactivity,te,206,5293,271,259,0.955719557195572,1.3604475078773683,"(100, 100, 100)",invscaling,relu,217,42,79,192,0.7084870848708487,0.8378378378378378,0.8630598781608458,0.7716981132075472,0.8595435182151048,0.7084870848708487,0.8205128205128205,0.7603960396039604,0.5446024058740822,0.5499608268220021
