dataset,subtask,set,num_of_retained_feature,num_of_compounds,postives,negtives,negtives/postives,n_estimators,max_depth,min_samples_leaf,min_impurity_decrease,max_features,tn,fp,fn,tp,se,sp,auc_prc,acc,auc_roc,recall,precision,f1,kappa,mcc
DILI5293rdkit200seed0group.csv,Bioactivity,tr,110,5293,2212,2022,0.9141048824593129,400,10,1,0.000382921425601578,0.9,1778,244,127,2085,0.9425858951175407,0.8793273986152325,0.9745841254838705,0.9123760037789325,0.9729968537766309,0.9425858951175407,0.8952340060111635,0.9182999339352566,0.8239609158164575,0.8252336099311733
DILI5293rdkit200seed0group.csv,Bioactivity,va,110,5293,264,265,1.003787878787879,400,10,1,0.000382921425601578,0.9,193,72,48,216,0.8181818181818182,0.7283018867924528,0.8680625643947528,0.7731568998109641,0.8593839336763865,0.8181818181818182,0.75,0.7826086956521738,0.5463899845652547,0.5486524867199277
DILI5293rdkit200seed0group.csv,Bioactivity,te,110,5293,271,259,0.955719557195572,400,10,1,0.000382921425601578,0.9,177,82,52,219,0.8081180811808119,0.6833976833976834,0.8625855526321959,0.7471698113207547,0.8454814857028878,0.8081180811808119,0.7275747508305648,0.7657342657342657,0.4927794997785999,0.49598779552859484
