dataset,subtask,set,num_of_retained_feature,num_of_compounds,postives,negtives,negtives/postives,C,gamma,tn,fp,fn,tp,se,sp,auc_prc,acc,auc_roc,recall,precision,f1,kappa,mcc
DILI5293ECPFseed0group.csv,Bioactivity,tr,206,5293,2212,2022,0.9141048824593129,31.991020043203086,0.13611674096720905,1960,62,64,2148,0.9710669077757685,0.9693372898120672,0.984154104767991,0.9702409069437884,0.9857957136954622,0.9710669077757685,0.971945701357466,0.9715061058344641,0.9403642506551745,0.9403646719621689
DILI5293ECPFseed0group.csv,Bioactivity,va,206,5293,264,265,1.003787878787879,31.991020043203086,0.13611674096720905,207,58,47,217,0.821969696969697,0.7811320754716982,0.8625157741332922,0.8015122873345936,0.8680317324185249,0.821969696969697,0.7890909090909091,0.8051948051948051,0.6030543625072358,0.603576468911928
DILI5293ECPFseed0group.csv,Bioactivity,te,206,5293,271,259,0.955719557195572,31.991020043203086,0.13611674096720905,201,58,42,229,0.8450184501845018,0.7760617760617761,0.8578765740978989,0.8113207547169812,0.861466896522247,0.8450184501845018,0.7979094076655052,0.8207885304659498,0.62193086328164,0.623071870524423
