dataset,subtask,set,num_of_retained_feature,num_of_compounds,postives,negtives,negtives/postives,num_leaves,learning_rate,n_estimators,min_split_gain,reg_alpha,reg_lambda,feature_fraction,bagging_fraction,bagging_freq,min_child_samples,tn,fp,fn,tp,se,sp,auc_prc,acc,auc_roc,recall,precision,f1,kappa,mcc
DILI5293PaDELmaxminseed0group.csv,Bioactivity,tr,32,5293,2212,2022,0.9141048824593129,188,0.11398307165968831,144,0.5826917427761487,1.3120532776958074,4.594353535067915,0.5818890179866317,0.7822667736026508,3,76,1760,262,244,1968,0.8896925858951176,0.8704253214638972,0.9587198226099036,0.8804912612187057,0.9536397100251662,0.8896925858951176,0.8825112107623319,0.8860873480414228,0.7604086286729856,0.7604362488861149
DILI5293PaDELmaxminseed0group.csv,Bioactivity,va,32,5293,264,265,1.003787878787879,188,0.11398307165968831,144,0.5826917427761487,1.3120532776958074,4.594353535067915,0.5818890179866317,0.7822667736026508,3,76,196,69,71,193,0.7310606060606061,0.7396226415094339,0.8259511687441725,0.7353497164461248,0.8211620926243568,0.7310606060606061,0.7366412213740458,0.7338403041825096,0.470689975557112,0.4707034325411053
DILI5293PaDELmaxminseed0group.csv,Bioactivity,te,32,5293,271,259,0.955719557195572,188,0.11398307165968831,144,0.5826917427761487,1.3120532776958074,4.594353535067915,0.5818890179866317,0.7822667736026508,3,76,177,82,60,211,0.7785977859778598,0.6833976833976834,0.8381285704325971,0.7320754716981132,0.8343258915214635,0.7785977859778598,0.7201365187713311,0.74822695035461,0.46286595201050573,0.4644770507584938
