dataset,subtask,set,num_of_retained_feature,num_of_compounds,postives,negtives,negtives/postives,alpha,hidden_layer_sizes,learning_rate,activation,tn,fp,fn,tp,se,sp,auc_prc,acc,auc_roc,recall,precision,f1,kappa,mcc
DILI5293rdkit200seed0group.csv,Bioactivity,tr,110,5293,2212,2022,0.9141048824593129,1.0642958533970952,"(50, 100, 200)",constant,relu,1847,175,113,2099,0.9489150090415913,0.9134520276953512,0.9865232961190779,0.9319792158715163,0.9848270516184539,0.9489150090415913,0.9230430958663148,0.9358002674988855,0.8635041754966784,0.8638772133791646
DILI5293rdkit200seed0group.csv,Bioactivity,va,110,5293,264,265,1.003787878787879,1.0642958533970952,"(50, 100, 200)",constant,relu,203,62,51,213,0.8068181818181818,0.7660377358490567,0.8395597055264874,0.7863894139886578,0.8472412807318468,0.8068181818181818,0.7745454545454545,0.7903525046382188,0.5728108853649299,0.5733068078729491
DILI5293rdkit200seed0group.csv,Bioactivity,te,110,5293,271,259,0.955719557195572,1.0642958533970952,"(50, 100, 200)",constant,relu,188,71,50,221,0.8154981549815498,0.7258687258687259,0.8145319403896009,0.7716981132075472,0.8248229779595092,0.8154981549815498,0.7568493150684932,0.7850799289520426,0.5423404650100624,0.5440593855256448
