dataset,subtask,set,num_of_retained_feature,num_of_compounds,postives,negtives,negtives/postives,C,gamma,tn,fp,fn,tp,se,sp,auc_prc,acc,auc_roc,recall,precision,f1,kappa,mcc
DILI5293rdkit200seed0group.csv,Bioactivity,tr,110,5293,2212,2022,0.9141048824593129,25.288448770037064,0.18587510411782363,1954,68,61,2151,0.9724231464737794,0.9663699307616221,0.983830436634819,0.9695323571091167,0.9852671696331314,0.9724231464737794,0.9693555655700766,0.9708869329722409,0.938932678652209,0.9389378338156174
DILI5293rdkit200seed0group.csv,Bioactivity,va,110,5293,264,265,1.003787878787879,25.288448770037064,0.18587510411782363,205,60,43,221,0.8371212121212122,0.7735849056603774,0.868239335957446,0.8052930056710775,0.8677315608919383,0.8371212121212122,0.7864768683274022,0.8110091743119267,0.6106319272243939,0.6118967839732953
DILI5293rdkit200seed0group.csv,Bioactivity,te,110,5293,271,259,0.955719557195572,25.288448770037064,0.18587510411782363,198,61,50,221,0.8154981549815498,0.7644787644787645,0.8413474160975658,0.7905660377358491,0.8576415107780422,0.8154981549815498,0.7836879432624113,0.7992766726943942,0.5805227956590562,0.5810250326923697
