dataset,subtask,set,num_of_retained_feature,num_of_compounds,postives,negtives,negtives/postives,n_estimators,max_depth,min_child_weight,learning_rate,gamma,subsample,colsample_bytree,tn,fp,fn,tp,se,sp,auc_prc,acc,auc_roc,recall,precision,f1,kappa,mcc
DILI5293PaDELmaxminseed0group.csv,Bioactivity,tr,32,5293,2212,2022,0.9141048824593129,400,9,1,0.10735876680961993,0.09276988632535003,0.7654642526442079,0.8704889966155048,1962,60,57,2155,0.9742314647377939,0.9703264094955489,0.998362219939079,0.9723665564478035,0.9981677586333335,0.9742314647377939,0.9729119638826185,0.9735712672238537,0.944618065687188,0.9446190181190918
DILI5293PaDELmaxminseed0group.csv,Bioactivity,va,32,5293,264,265,1.003787878787879,400,9,1,0.10735876680961993,0.09276988632535003,0.7654642526442079,0.8704889966155048,200,65,46,218,0.8257575757575758,0.7547169811320755,0.88193318912998,0.7901701323251418,0.8702615780445969,0.8257575757575758,0.7703180212014135,0.7970749542961608,0.5803957438598246,0.58189860730885
DILI5293PaDELmaxminseed0group.csv,Bioactivity,te,32,5293,271,259,0.955719557195572,400,9,1,0.10735876680961993,0.09276988632535003,0.7654642526442079,0.8704889966155048,189,70,48,223,0.8228782287822878,0.7297297297297297,0.8813788120451302,0.7773584905660378,0.8725939962102324,0.8228782287822878,0.7610921501706485,0.7907801418439716,0.5536491713890117,0.5555762595297036
