dataset,subtask,set,num_of_retained_feature,num_of_compounds,postives,negtives,negtives/postives,n_estimators,max_depth,min_samples_leaf,min_impurity_decrease,max_features,tn,fp,fn,tp,se,sp,auc_prc,acc,auc_roc,recall,precision,f1,kappa,mcc
DILI5293PaDELmaxminseed0group.csv,Bioactivity,tr,32,5293,2212,2022,0.9141048824593129,100,11,1,0.0007986929161252988,0.7,1772,250,199,2013,0.9100361663652803,0.8763600395647874,0.9665251384847522,0.8939537080774681,0.9624100983217161,0.9100361663652803,0.8895271763146266,0.8996648044692738,0.7872489910625295,0.7874789568904387
DILI5293PaDELmaxminseed0group.csv,Bioactivity,va,32,5293,264,265,1.003787878787879,100,11,1,0.0007986929161252988,0.7,194,71,59,205,0.7765151515151515,0.7320754716981132,0.8467476377529116,0.7542533081285444,0.8379002287021156,0.7765151515151515,0.7427536231884058,0.7592592592592593,0.5085470085470085,0.509071105723082
DILI5293PaDELmaxminseed0group.csv,Bioactivity,te,32,5293,271,259,0.955719557195572,100,11,1,0.0007986929161252988,0.7,178,81,51,220,0.8118081180811808,0.6872586872586872,0.856789127571504,0.7509433962264151,0.8418341905426776,0.8118081180811808,0.7308970099667774,0.7692307692307692,0.5003499550057849,0.5036075390466723
