dataset,subtask,set,num_of_retained_feature,num_of_compounds,postives,negtives,negtives/postives,n_estimators,max_depth,min_child_weight,learning_rate,gamma,subsample,colsample_bytree,tn,fp,fn,tp,se,sp,auc_prc,acc,auc_roc,recall,precision,f1,kappa,mcc
DILI5293ECPFseed0group.csv,Bioactivity,tr,206,5293,2212,2022,0.9141048824593129,400,6,1,0.1999425655641234,0.00944116267009272,0.9167259326711861,0.8411439957571846,1950,72,83,2129,0.9624773960216998,0.9643916913946587,0.9965104597449449,0.9633915918752952,0.9960636435019486,0.9624773960216998,0.9672875965470241,0.9648765012463177,0.92665258290157,0.9266651370539101
DILI5293ECPFseed0group.csv,Bioactivity,va,206,5293,264,265,1.003787878787879,400,6,1,0.1999425655641234,0.00944116267009272,0.9167259326711861,0.8411439957571846,206,59,46,218,0.8257575757575758,0.7773584905660378,0.8904001439004608,0.8015122873345936,0.8804245283018868,0.8257575757575758,0.7870036101083032,0.8059149722735676,0.6030600358743112,0.603789620836354
DILI5293ECPFseed0group.csv,Bioactivity,te,206,5293,271,259,0.955719557195572,400,6,1,0.1999425655641234,0.00944116267009272,0.9167259326711861,0.8411439957571846,194,65,53,218,0.8044280442804428,0.749034749034749,0.8974424929291258,0.7773584905660378,0.8826667996409693,0.8044280442804428,0.7703180212014135,0.7870036101083033,0.5540311194146925,0.5546017858770916
