dataset,subtask,set,num_of_retained_feature,num_of_compounds,postives,negtives,negtives/postives,alpha,hidden_layer_sizes,learning_rate,activation,tn,fp,fn,tp,se,sp,auc_prc,acc,auc_roc,recall,precision,f1,kappa,mcc
DILI5293PaDELmaxminseed0group.csv,Bioactivity,tr,32,5293,2212,2022,0.9141048824593129,1.06076847020635,"(100, 100, 100)",adaptive,relu,1617,405,541,1671,0.7554249547920434,0.7997032640949555,0.8639191759549361,0.776570618800189,0.8581448326992593,0.7554249547920434,0.8049132947976878,0.7793843283582088,0.553529261741615,0.5546730261962012
DILI5293PaDELmaxminseed0group.csv,Bioactivity,va,32,5293,264,265,1.003787878787879,1.06076847020635,"(100, 100, 100)",adaptive,relu,193,72,101,163,0.6174242424242424,0.7283018867924528,0.7513538482061396,0.6729678638941399,0.7503430531732418,0.6174242424242424,0.6936170212765957,0.6533066132264529,0.34579779971549285,0.3478960580510672
DILI5293PaDELmaxminseed0group.csv,Bioactivity,te,32,5293,271,259,0.955719557195572,1.06076847020635,"(100, 100, 100)",adaptive,relu,182,77,80,191,0.7047970479704797,0.7027027027027027,0.7671844467596981,0.7037735849056603,0.774800894727094,0.7047970479704797,0.7126865671641791,0.7087198515769945,0.40739527397552955,0.40742139566034663
