dataset,subtask,set,num_of_retained_feature,num_of_compounds,postives,negtives,negtives/postives,n_estimators,max_depth,min_samples_leaf,min_impurity_decrease,max_features,tn,fp,fn,tp,se,sp,auc_prc,acc,auc_roc,recall,precision,f1,kappa,mcc
DILI5293rdkit200seed0group.csv,Bioactivity,tr,110,5293,2212,2022,0.9141048824593129,400,8,1,4.3771116217796195e-05,0.7,1708,314,228,1984,0.8969258589511754,0.8447082096933729,0.9483212833479697,0.8719886632026452,0.9457236224317319,0.8969258589511754,0.8633594429939078,0.8798226164079822,0.7429912550000067,0.7436098265294877
DILI5293rdkit200seed0group.csv,Bioactivity,va,110,5293,264,265,1.003787878787879,400,8,1,4.3771116217796195e-05,0.7,192,73,52,212,0.803030303030303,0.7245283018867924,0.8338309541291891,0.7637051039697542,0.8355703259005147,0.803030303030303,0.743859649122807,0.7723132969034608,0.5274794377630573,0.5291493516824596
DILI5293rdkit200seed0group.csv,Bioactivity,te,110,5293,271,259,0.955719557195572,400,8,1,4.3771116217796195e-05,0.7,171,88,58,213,0.7859778597785978,0.6602316602316602,0.8377488004450027,0.7245283018867924,0.8234267477809912,0.7859778597785978,0.707641196013289,0.7447552447552447,0.44735676841548944,0.4502693344201299
