dataset,subtask,set,num_of_retained_feature,num_of_compounds,postives,negtives,negtives/postives,n_estimators,max_depth,min_samples_leaf,min_impurity_decrease,max_features,tn,fp,fn,tp,se,sp,auc_prc,acc,auc_roc,recall,precision,f1,kappa,mcc
DILI5293ECPFseed0group.csv,Bioactivity,tr,206,5293,2212,2022,0.9141048824593129,100,11,5,0.0007031770503672041,0.7,1616,406,369,1843,0.8331826401446655,0.7992087042532147,0.9079151155167509,0.8169579593764762,0.8989006328219604,0.8331826401446655,0.8194753223654958,0.8262721362923111,0.6328887222153479,0.6329859505678053
DILI5293ECPFseed0group.csv,Bioactivity,va,206,5293,264,265,1.003787878787879,100,11,5,0.0007031770503672041,0.7,189,76,66,198,0.75,0.7132075471698113,0.7890060710519715,0.7315689981096408,0.8000643224699829,0.75,0.7226277372262774,0.7360594795539033,0.46317444436503974,0.46350578148368105
DILI5293ECPFseed0group.csv,Bioactivity,te,206,5293,271,259,0.955719557195572,100,11,5,0.0007031770503672041,0.7,191,68,58,213,0.7859778597785978,0.7374517374517374,0.8124085172847231,0.7622641509433963,0.8174998931456495,0.7859778597785978,0.7580071174377224,0.7717391304347826,0.5238774258865804,0.5242518480470307
