model: GAT,Train,Tr_STD,Validation,Va_STD,Test,Te_STD
acc,0.8758620689655172,0.057026324139958076,0.7393194706994329,0.04081994157942104,0.7332075471698112,0.02692499768204263
auc_roc,0.9765479411442213,0.01610745345997259,0.8390889818318812,0.018798005748806447,0.8249345123156239,0.016795202980123013
recall,0.9018125806838981,0.08560640311511084,0.7809128833803916,0.11666476863938903,0.76938312431671,0.12603702275303572
precision,0.8861946232327048,0.1028191134527359,0.7531499715877104,0.08415905869179549,0.7477188155107035,0.08713376026726777
f1,0.8849075946755891,0.04295428511590431,0.7547800416247535,0.03794482901966724,0.7439953104155975,0.027141233579587472
kappa,0.7501773641440069,0.11701640143754066,0.4746732270485946,0.0861043884435228,0.467835898504908,0.056084116112754316
mcc,0.7688276389572736,0.09523382012257693,0.4937625742113171,0.0720314923233631,0.49043044701535266,0.04111474653330738
auc_prc,0.9788496576361977,0.01495172187896033,0.8467381596303116,0.030026832865432482,0.8189713170942772,0.030122694147113126
